,type,image_link-href,address,toilet_name,district_name,coords,award_int
0,Dormitory,https://www.toilet.org.sg/gallery/201/5-star-toilet-unison-construction-dormitor,"6 Tuas Basin Link, S(638760)",Unison Construction Dormitory,South West District,"(1.3184954, 103.6484818)",5
1,MRT Station,https://www.toilet.org.sg/gallery/143/4-star-toilet-dakota-mrt-station,"201 Airport Road, S(397973)",Dakota MRT Station,South East District,"(1.308182, 103.888678)",4
2,Bus Interchange,https://www.toilet.org.sg/gallery/397/5-star-toilet-bukit-batok-bus-interchange,"631 Bukit Batok Central, S(650631)",Bukit  Batok Bus Interchange,South West District,"(1.3496816, 103.7512047)",5
3,Bus Interchange,https://www.toilet.org.sg/gallery/302/4-star-toilet-harbourfront-bus-terminal,"4 Seah Im Road, S(099115)",Harbourfront Bus Terminal,Central District,"(1.2669654, 103.8190449)",4
4,Shopping Centre,https://www.toilet.org.sg/gallery/127/3-star-toilet-vista-point,"Blk 548 Woodlands Drive 44, S(730548)",Vista Point,North West District,"(1.4313546, 103.7940534)",3
5,Market & Food Centre,https://www.toilet.org.sg/gallery/104/5-star-toilet-serangoon-garden-market,"49A Serangoon Garden Way, S(555945)",Serangoon Garden Market,North East District,"(1.363381, 103.866835)",5
6,Shopping Centre,https://www.toilet.org.sg/gallery/112/4-star-toilet-rivervale-plaza,"118, Rivervale Plaza, S(540118)",Rivervale Plaza,North East District,"(1.3855939, 103.9019834)",4
7,Club,https://www.toilet.org.sg/gallery/267/5-Stars-Seletar-Country-Club,"101 Seletar Club Road, Singapore (798273)",Seletar Country Club (Ballroom),Central District,"(1.4096081, 103.8581298)",5
8,MRT Station,https://www.toilet.org.sg/gallery/389/4-star-toilet-woodlands-north-mrt-station-tel3,"30 Woodlands Drive 17, S(737741)",Woodlands South Station (TEL3),North West District,"(1.4273055, 103.790646)",4
9,MRT Station,https://www.toilet.org.sg/gallery/120/4-star-toilet-yew-tee-mrt-station,"61 Choa Chu Kang Drive, S(689715)",Yew Tee MRT Station,North West District,"(1.3974769, 103.7474263)",4
10,Shopping Centre,https://www.toilet.org.sg/gallery/46/4-star-toilet-dawson-place-shopping-centre,"57 Dawson Road, S(142057)",Dawson Place Shopping Centre,Central District,"(1.2927082, 103.8110301)",4
11,MRT Station,https://www.toilet.org.sg/gallery/78/4-star-toilet-dhoby-ghaut-mrt-station-circle-line,"11 Orchard Road, S(238826)",Dhoby Ghaut MRT Station Circle Line,Central District,"(1.2986545, 103.8464611)",4
12,Bus Interchange,https://www.toilet.org.sg/gallery/137/4-star-toilet-sembawang-bus-interchange,"11A, Sembawang Vista, S(757527)",Sembawang Bus Interchange,North West District,"(1.4472813, 103.8195946)",4
13,MRT Station,https://www.toilet.org.sg/gallery/89/4-star-toilet-dhoby-ghaut-mrt-station,"11 Orchard Road, S(238826) NS24",Dhoby Ghaut MRT Station,Central District,"(1.298811, 103.846127)",4
14,MRT Station,https://www.toilet.org.sg/gallery/319/4-star-toilet-buangkok-mrt-station-ne15,"10 Sengkang Central, S(545061)",Buangkok MRT Station (NE15),North East District,"(1.3822965, 103.8928083)",4
15,Shopping Centre,https://www.toilet.org.sg/gallery/130/5-star-toilet-sembawang-mart,"Blk 511 Canberra Road, S(750511)",Sembawang Mart,North West District,"(1.4538337, 103.8195883)",5
16,MRT Station,https://www.toilet.org.sg/gallery/248/4-stars-tampines-east-mrt-station-dt33,"20 Tampines Avenue 7, S(529623)",Tampines East MRT Station (DT33),North East District,"(1.3568215, 103.9556869)",4
17,Market & Food Centre,https://www.toilet.org.sg/gallery/342/3-star-toilet-whampoa-drive-makan-place-blk-92,"Blk 92 Whampoa Drive, S(320092)",Whampoa Drive Makan Place@Blk 92,Central District,"(1.3231083, 103.8538791)",3
18,MRT Station,https://www.toilet.org.sg/gallery/145/4-star-toilet-bedok-mrt-station,"315 New Upper Changi Road, S(467347)",Bedok MRT Station,South East District,"(1.3239657, 103.9300335)",4
19,Shopping Centre,https://www.toilet.org.sg/gallery/166/3-star-toilet-yew-tee-square,"624 Choa Chu Kang Street 62, S(680624)",Yew Tee Square,South West District,"(1.3981277, 103.7468169)",3
20,MRT Station,https://www.toilet.org.sg/gallery/417/4-Star-Toilet-Caldecott-Mrt-Station-TE9-,"38 Toa Payoh Rise, S(298113)",Caldecott MRT Station (TE9),Central District,"(1.3378174, 103.8394749)",4
21,Place of Worship,https://www.toilet.org.sg/gallery/385/4-star-toilet-assyakirin-mosque,"550 Yung An Road, S(618617)",Assyakirin Mosque,South West District,"(1.3355308, 103.7195949)",4
22,Private Office,https://www.toilet.org.sg/gallery/139/3-star-toilet-kah-engineering-1986-pte-ltd,"96B Jalan Senang, S(418482)",Kah Engineering (1988) Pte Ltd,South East District,"(1.3269508, 103.9167487)",3
23,MRT Station,https://www.toilet.org.sg/gallery/370/4-star-toilet-choa-chu-kang-mrt-station-ns4,10 Choa Chu Kang Avenue 4 S(689810),Choa Chu Kang MRT Station (NS4),South West District,"(1.3852487, 103.7443487)",4
24,Hospital,https://www.toilet.org.sg/gallery/48/5-star-toilet-tan-tock-seng-hospital,"11 Jalan Tan Tock Seng, S(308433)",Tan Tock Seng Hospital,Central District,"(1.3210806, 103.8456848)",5
25,MRT Station,https://www.toilet.org.sg/gallery/347/4-star-toilet-commonwealth-mrt-station-ew20,"375 Commonwealth Avenue, S(149735)",Commonwealth MRT Station (EW20),Central District,"(1.3024362, 103.798297)",4
26,Shopping Centre,https://www.toilet.org.sg/gallery/207/6-star-toilet-the-shoppes-at-marina-bay-sands,"2 Bayfront Avenue, S(018972)",The Shoppes at Marina Bay Sands,Central District,"(1.2836602, 103.8592707)",6
27,Bus Interchange,https://www.toilet.org.sg/gallery/290/3-star-toilet-joo-koon-bus-interchange,"55 Benoi Road, S(629907)",Joo Koon Bus Interchange,South West District,"(1.3261298, 103.6783611)",3
28,Place of worship,https://www.toilet.org.sg/gallery/407/3-star-toilet-st-george-s-church,"44 Minden Road, S(248816)",St.George's Church,Central District,"(1.304811, 103.815153)",3
29,MRT Station,,"90 Bras Basah Road, S(189562)",Esplanade MRT Station,Central District,"(1.2934, 103.8556519)",4
30,Market & Food Centre,https://www.toilet.org.sg/gallery/22/4-star-toilet-berseh-food-centre,"166 Jalan Besar, S(208877)",Berseh Food Centre,Central District,"(1.3075861, 103.8569093)",4
31,Bus Interchange,https://www.toilet.org.sg/gallery/136/3-star-toilet-woodlands-bus-interchange,"3A Woodlands Square, S(727735)",Woodlands Temporary Bus Interchange,North West District,"(1.4382545, 103.7866262)",3
32,Shopping Centre,,"Blk 768 Woodlands Street 61, S(730768)",Woodlands Mart,North West District,"(1.445962, 103.798159)",3
33,Food Court,https://www.toilet.org.sg/gallery/134/4-star-toilet-ntuc-foodfare-ktph,"90 Yishun Central, S(768828)",NTUC Foodfare KTPH,North West District,"(1.4242972, 103.8385907)",4
34,Coffeeshop,https://www.toilet.org.sg/gallery/181/3-star-toilet-ntuc-foodfare-choa-chu-kang,"Blk 303, Choa Chu Kang Avenue 4, #01-723, S(680303)",NTUC Foodfare Choa Chu Kang,South West District,"(1.3845137, 103.7436364)",3
35,Bus Interchange,https://www.toilet.org.sg/gallery/424/5-Star-Toilet-Woodlands-Integrated-Transport-Hub,"30 Woodlands Avenue, S(738343)",Woodlands Integrated Transport Hub,North West District,"(1.437284, 103.787152)",5
36,MRT Station,https://www.toilet.org.sg/gallery/318/4-star-toilet-botanic-garden-mrt-station-dt9,"100 Cluny Park, S(257494)",Botanic Garden (DT9),Central District,"(1.3222145, 103.8145958)",4
37,Club,https://www.toilet.org.sg/gallery/394/5-star-toilet-ntuc-club-downtown-east,1 Pasir Ris Close S(519599),NTUC Club Downtown East,North East District,"(1.3788396, 103.9549927)",5
38,Bus Interchange,https://www.toilet.org.sg/gallery/293/3-star-toilet-st-michael-s-bus-terminal,"10 Whampoa Road, S(327691)",St. Michael's Bus Terminal,Central District,"(1.326925, 103.855475)",3
39,Bus Interchange,https://www.toilet.org.sg/gallery/404/4-star-toilet-ang-mo-kio-bus-depot,"Ang Mo Kio Street 52, S(569140)",Ang Mo Kio Bus Depot,Central District,"(1.3725641, 103.8533049)",4
40,MRT Station,https://www.toilet.org.sg/gallery/328/4-star-toilet-serangoon-mrt-station-ne12,"600 Upper Serangoon Rd., S(534801)",Serangoon MRT Station (NE12),South East District,"(1.3493666, 103.873754)",4
41,MRT Station,https://www.toilet.org.sg/gallery/387/4-star-toilet-woodlands-mrt-station-tel2,"11 Woodlands Square, S(737736)",Woodlands Station (TEL2),North West District,"(1.435942, 103.785665)",4
42,Hospital,https://www.toilet.org.sg/gallery/317/4-star-toilet-sengkang-general-hospital,"110 Sengkang East Way, S(544886)",Sengkang General Hospital,Central District,"(1.3936788, 103.8931894)",4
43,MRT Station,https://www.toilet.org.sg/gallery/202/4-star-toilet-dt20-fort-canning-station,"170 River Valley Road, S(179038)",Fort Canning MRT Station (DT20),Central District,"(1.2929188, 103.8445026)",4
44,Tourist Attraction,https://www.toilet.org.sg/gallery/60/5-star-toilet-sentosa-imbiah-lookout,"Imbiah Lookout, Sentosa, S(099538)",Sentosa Imbiah Lookout,Central District,"(1.2548481, 103.8176246)",5
45,MRT Station,https://www.toilet.org.sg/gallery/324/4-star-toilet-newton-mrt-station-dt11,"235 Bukit Timah Road, S(229901)",Newton MRT Station (DT11),Central District,"(1.3138094, 103.8377028)",4
46,MRT Station,https://www.toilet.org.sg/gallery/259/4-stars-serangoon-mrt-station-cc13,"600 Upper Serangoon Rd, S(534801)",Serangoon MRT Station CC13,South East District,"(1.3493666, 103.873754)",4
47,MRT Station,https://www.toilet.org.sg/gallery/100/4-star-toilet-tanah-merah-mrt,"920 New Upper Changi Road, (467356)",Tanah Merah MRT Station,North East District,"(1.3272004, 103.9463949)",4
48,MRT Station,https://www.toilet.org.sg/gallery/90/4-star-toilet-city-hall-mrt-station,"150 North Bridge Road, S(179100) EW13",City Hall MRT Station,Central District,"(1.2930838, 103.8520376)",4
49,Shopping Centre,https://www.toilet.org.sg/gallery/398/5-star-toilet-buangkok-square-mall,"991 Buangkok Link, Buangkok Square Mall, S(530991)",Buangkok Square Mall,Central District,"(1.384629, 103.8820363)",5
50,MRT Station,https://www.toilet.org.sg/gallery/251/4-stars-bedok-reservoir-mrt-station-dt30,"371 Bedok North Avenue 3, S(469724)",Bedok Reservoir MRT Station (DT30),North East District,"(1.3330224, 103.9339584)",4
51,Shopping Centre,https://www.toilet.org.sg/gallery/168/4-star-toilet-greenridge-shopping-centre,"524A Jelapang Road, S(671524)",Greenridge Shopping Centre,South West District,"(1.3853755, 103.7663006)",4
52,MRT Station,https://www.toilet.org.sg/gallery/94/4-star-toilet-raffles-place-mrt-station,"5 Raffles Place, S(048618)",Raffles Place MRT Station,Central District,"(1.2844808, 103.8514561)",4
53,MRT Station,https://www.toilet.org.sg/gallery/327/4-star-toilet-sengkang-mrt-staton-ne16,"5 Sengkang Square, S(545062)",Sengkang MRT Station (NE16),North East District,"(1.3914004, 103.895835)",4
54,MRT Station,https://www.toilet.org.sg/gallery/420/4-Star-Toilet-Springleaf-Mrt-Station-TE-4-,"825 Upper Thomson Road, S(787140)",Springleaf MRT Station (TE4),North West District,"(1.396435, 103.8186104)",4
55,Market & Food Centre,https://www.toilet.org.sg/gallery/103/3-star-toilet-chomp-chomp-food-centre,"20 Kensington Park Road, S(557269)",Chomp Chomp Food Centre,North East District,"(1.3642285, 103.8666004)",3
56,MRT Station,https://www.toilet.org.sg/gallery/82/4-star-toilet-ang-mo-kio-mrt-station,"2450 Ang Mo Kio Avenue 8, S(569811)",Ang Mo Kio MRT station,Central District,"(1.3707675, 103.8486932)",4
57,MRT Station,https://www.toilet.org.sg/gallery/199/4-star-toilet-telok-blangah-mrt-station,"38, Toa Payoh Rise, S(298113)",Telok Blangah MRT station,South West District,"(1.3378174, 103.8394749)",4
58,MRT Station,https://www.toilet.org.sg/gallery/258/4-stars-paya-lebar-mrt-station-cc09,"30 Paya Lebar Road, S(409006)",Paya Lebar MRT Station CC09,South East District,"(1.3181412, 103.8931028)",4
59,MRT Station,https://www.toilet.org.sg/gallery/352/4-star-toilet-pioneer-mrt-station-ew-28,"31 Jurong West Street 63, S(648310)",Pioneer MRT Station (EW28),South West District,"(1.3375443, 103.696933)",4
60,Market & Food Centre,https://www.toilet.org.sg/gallery/150/4-star-toilet-bedok-food-centre,"1 Bedok Road, S(469572)",Bedok Food Centre,South East District,"(1.3203848, 103.9555055)",4
61,Bus Interchange,https://www.toilet.org.sg/gallery/288/3-star-toilet-compassvale-bus-interchange,"51A, Compassvale Road, S(544760)",Compassvale Bus Interchange,North East District,"(1.3912847, 103.8972048)",3
62,Market & Food Centre,https://www.toilet.org.sg/gallery/409/5-star-toilet-east-coast-lagoon-food-village,"1220 East Coast Parkway, S(468960)",East Coast Lagoon Food Village,South East District,"(1.3068502, 103.9349848)",5
63,MRT Station,https://www.toilet.org.sg/gallery/81/4-star-toilet-braddell-mrt-station,"377 Lorong 1, Toa Payoh, S(319756)",Braddell MRT Station,Central District,"(1.340703, 103.84668)",4
64,MRT Station,https://www.toilet.org.sg/gallery/364/4-star-toilet-yishun-mrt-station,"301 Yishun Avenue 2, S(769093)",Yishun MRT Station (NS13),North West District,"(1.4292805, 103.8351674)",4
65,Shopping Centre,https://www.toilet.org.sg/gallery/335/5-star-toilet-singpost-centre,"Singpost Centre, 10 Eunos Rd, S(408600)",SingPost Centre,South East District,"(1.318903, 103.894049)",5
66,Bus Interchange,https://www.toilet.org.sg/gallery/289/3-star-toilet-eunos-bus-interchange,"409 Eunos Road 2, S(409388)",Eunos Bus Interchange,South East District,"(1.3194036, 103.9018975)",3
67,MRT Station,https://www.toilet.org.sg/gallery/93/4-star-toilet-tanjong-pagar-mrt-station,"120 Maxwell Road, S(069119)",Tanjong Pagar MRT Station,Central District,"(1.2767709, 103.8451658)",4
68,MRT Station,https://www.toilet.org.sg/gallery/348/4-star-toilet-dover-mrt-station-ew22,"200 Commonwealth Avenue West, S(138677)",Dover MRT Station (EW22),North West District,"(1.3114722, 103.7784322)",4
69,Government Office,https://www.toilet.org.sg/gallery/411/5-star-toilet-maritime-and-port-authority-of-singapore,"460 Alexandra Road, #18-00, S(119963)",Maritime and Port Authority of Singapore,Central District,"(1.2736761, 103.8015216)",5
70,Dormitory,,"5 Jalan Papan Road, S(619396)",Aspri-Westlite Construction Site,South West District,"(1.322186, 103.7280569)",4
71,Shopping Centre,https://www.toilet.org.sg/gallery/167/3-star-toilet-gek-poh-shopping-centre,"Blk 762, Jurong West Street 75, S(640762)",Gek Poh Shopping Centre,South West District,"(1.3489162, 103.6976086)",3
72,Market & Food Centre,https://www.toilet.org.sg/gallery/383/3-star-toilet-hong-lim-market-and-food-centre,"Blk 531A Upper Cross Street, S(510531)",Hong Lim Market & Food Centre,Central District,"(1.2853166, 103.8458369)",3
73,MRT Station,https://www.toilet.org.sg/gallery/147/4-star-toilet-paya-lebar-mrt-station,"30 Paya Lebar Road, S(409006)",Paya Lebar MRT Station,South East District,"(1.3181412, 103.8931028)",4
74,MRT Station,https://www.toilet.org.sg/gallery/99/4-star-toilet-kembangan-mrt,"55 Sims Avenue East, S(416551)",Kembangan MRT Station,North East District,"(1.3209589, 103.9126762)",4
75,Bus Interchange,https://www.toilet.org.sg/gallery/292/4-star-toilet-shenton-way-bus-terminal,"31 Shenton Way, S(079121)",Shenton Way Bus Terminal,Central District,"(1.2746784, 103.8476788)",3
76,Bus Interchange,https://www.toilet.org.sg/gallery/138/5-star-toilet-yishun-bus-interchange,"20A Yishun Central, S(768830)",Yishun Integrated Hub Bus Interchange,North West District,"(1.4294629, 103.837294)",5
77,MRT Station,https://www.toilet.org.sg/gallery/322/4-star-toilet-kovan-mrt-ne13,"900 Upper Serangoon Rd, S(534799)",Kovan MRT Station (NE13),North East District,"(1.359923, 103.885144)",4
78,Market & Food Centre,https://www.toilet.org.sg/gallery/160/4-star-toilet-pasir-panjang-food-centre,"121 Pasir Panjang Road, S(118543)",Pasir Panjang Food Centre,South West District,"(1.2759677, 103.7913379)",4
79,Library,https://www.toilet.org.sg/gallery/69/5-star-toilet-national-library,"100 Victoria Street, S(188064)",National Library,Central District,"(1.2974415, 103.8541438)",5
80,Market & Food Centre,https://www.toilet.org.sg/gallery/392/4-star-toilet-blk-16-bedok-south-road-market-and-food-centre,"Blk 16, Bedok South Road, S(460016)",Blk 16 Bedok South Road Market & Food Centre,South East District,"(1.3205358, 103.9355169)",4
81,MRT Station,https://www.toilet.org.sg/gallery/77/4-star-toilet-marina-bay-mrt-station,"21 Marina Station Road, S(018990)",Marina Bay MRT Station,Central District,"(1.276274, 103.854629)",4
82,Shopping Centre,https://www.toilet.org.sg/gallery/117/4-star-toilet-elias-mall,"Blk 625, Level 1 & 2, Elias Road, S(510625)",Elias Mall,North East District,"(1.3729979, 103.9401392)",4
83,Bus Interchange,https://www.toilet.org.sg/gallery/315/4-star-toilet-tampines-bus-interchange,"512 Tampines Central 1, S(520512)",Tampines Bus Interchange,North East District,"(1.3536424, 103.9430565)",4
84,Tourist Attraction,https://www.toilet.org.sg/gallery/333/5-star-toilet-sentosa-boardwalk,Sentosa Boardwalk,Sentosa Boardwalk,Central District,"(1.2600847, 103.8231988)",5
85,Market & Food Centre,https://www.toilet.org.sg/gallery/161/5-star-toilet-taman-jurong-market-food-centre,"3 Yung Sheng Road, S(618499)",Taman Jurong Market & Food Centre,South West District,"(1.3347853, 103.7215856)",5
86,Tourist Attraction,https://www.toilet.org.sg/gallery/59/5-star-toilet-sentosa-imbiah-station,"Imbiah Express Station, Sentosa, S(099981)",Sentosa Imbiah Station,Central District,"(1.2555253, 103.8160214)",5
87,MRT Station,https://www.toilet.org.sg/gallery/197/4-star-toilet-pasir-panjang-mrt-station,"71, Farrer Road, S(268857)",Pasir Panjang MRT station,South West District,"(1.3174314, 103.8077866)",4
88,Industrial Complex,https://www.toilet.org.sg/gallery/311/3-star-toilet-jurong-port-off-shore-marine-centre,"101 Tuas South Avenue, S(637423)",Jurong Port Offshore Marine Centre,South West District,"(1.2909697, 103.6193621)",3
89,Bus Interchange,https://www.toilet.org.sg/gallery/310/3-star-toilet-hougang-bus-interchange,"840 Hougang Central, S(53877)",Hougang Bus Interchanage,North East District,"(1.3708569, 103.8930782)",3
90,MRT Station,https://www.toilet.org.sg/gallery/416/4-Star-Toilet-Bright-Hill-Mrt-Station-TE7-,"100 Sin Ming Avenue, S(575737)",Bright Hill MRT Station (TE7),Central District,"(1.3627468, 103.8374238)",4
91,MRT Station,https://www.toilet.org.sg/gallery/421/4-Star-Toilet-Upper-Thomson-Mrt-Station-TE8-,"1 Jalan Keli, S(577937)",Upper Thomson MRT Station (TE8),Central District,"(1.3539717, 103.8338127)",4
92,Bus Interchange,https://www.toilet.org.sg/gallery/180/5-star-toilet-choa-chu-kang-bus-interchange,"301 Choa Chu Kang Central Avenue 3, S(689811)",Choa Chu Kang Bus Interchange,South West District,"(1.382925, 103.744482)",5
93,Bus Interchange,https://www.toilet.org.sg/gallery/314/3-star-toilet-sengkang-bus-interchange,"13 Sengkang Square, S(545077)",Sengkang Bus Interchange,North East District,"(1.3914826, 103.8959744)",3
94,MRT Station,https://www.toilet.org.sg/gallery/83/4-star-toilet-bishan-mrt-station,"200 Bishan Road, S(579827)",Bishan MRT station,Central District,"(1.3507653, 103.848362)",4
95,Market & Food Centre,https://www.toilet.org.sg/gallery/126/3-star-toilet-holland-village-market-and-food-centre,"1 Lorong Mambong, S(277700)",Holland Village Market & Food Centre,North West District,"(1.311087, 103.7949113)",3
96,Foodcourt,https://www.toilet.org.sg/gallery/177/5-star-toilet-kopitiam-national-university-hospital,"5 Lower Kent Ridge Rd, #01-01, S(119074)",Kopitiam,South West District,"(1.2946909, 103.7832309)",5
97,Government Office,,"3, Sakra Road, S(627878)","JTC, Chemgallery at Oasis @ Sakra",South West District,"(1.2675487, 103.704573)",5
98,Market & Food Centre,https://www.toilet.org.sg/gallery/269/3-stars-timbre-ayer-rajah-crescent-hawker-centre,"73A Ayer Rajah Crescent, S(139957)",Timbre + Ayer Rajah Crescent Hawker Centre,South West District,"(1.297437, 103.7875057)",3
99,Shopping Centre,https://www.toilet.org.sg/gallery/115/4-and-5-star-toilet-white-sands,"1 Pasir Ris Central Street 3, S(518457)",White Sands,North East District,"(1.3724166, 103.9496584)",5
100,Bus Interchange,https://www.toilet.org.sg/gallery/304/3-star-toilet-kent-ridge-bus-terminal,"37B, Clementi Road, S(884005)",Kent Ridge Bus Terminal,Central District,"(1.2942117, 103.7690639)",3
101,MRT Station,https://www.toilet.org.sg/gallery/121/4-star-toilet-admiralty-mrt-station,"70 Woodlands Avenue, S(738344)",Admiralty MRT Station,North West District,"(1.440681, 103.800957)",4
102,MRT Station,https://www.toilet.org.sg/gallery/357/3-star-toilet-farrer-park-mrt-station-ne8,"250 Race Course Road, S(218703)",Farrer Park MRT Station (NE8),Central District,"(1.312604, 103.854359)",3
103,Market & Food Centre,https://www.toilet.org.sg/gallery/341/3-star-toilet-whampoa-drive-makan-place-blk-90,"Blk 90 Whampoa Drive, S(320090)",Whampoa Drive Makan Place@Blk 90,Central District,"(1.3230663, 103.8550175)",3
104,Industrial Complex,https://www.toilet.org.sg/gallery/280/5-Star-Toilet-Cleantech-2,"3 Cleantech Loop, S(637143)",CleanTech Two,South West District,"(1.3551615, 103.6935338)",5
105,Market & Food Centre,https://www.toilet.org.sg/gallery/340/3-star-toilet-upper-boon-keng-market-and-food-centre,"Blk 17, Upper Boon Keng Road, S(380017)",Upper Boon Keng Market & Food Centre,Central District,"(1.3150436, 103.8717193)",3
106,MRT Station,https://www.toilet.org.sg/gallery/326/4-star-toilet-rochor-mrt-stationn-dt13,"11 Rochore Canal Road, S(188505)",Rochor MRT Station (DT13),Central District,"(1.3035563, 103.8525538)",4
107,MRT Station,https://www.toilet.org.sg/gallery/358/4-star-toilet-chinatown-mrt-station-ne4,"151 New Bridge Road, (059443)",Chinatown MRT Station (NE4),Central District,"(1.2842667, 103.8426745)",4
108,MRT Station,https://www.toilet.org.sg/gallery/79/4-star-toilet-marymount-mrt-station,"60 Marymount Road, S(573993)",Marymount Station,Central District,"(1.3485793, 103.839615)",4
109,Shopping Centre,https://www.toilet.org.sg/gallery/44/4-and-5-star-toilet-tiong-bahru-plaza,"302 Tiong Bahru Road, S(168732)",Tiong Bahru Plaza,Central District,"(1.2864763, 103.8271508)",5
110,MRT Station,https://www.toilet.org.sg/gallery/330/4-star-toilet-steven-road-mrt-station-dt10,"92 Steven Road, S(257877)",Steven Road MRT Station (DT10),Central District,"(1.3195452, 103.8257736)",4
111,Tourist Attraction,https://www.toilet.org.sg/gallery/238/5-stars-the-fullerton-water-boat-house,"1 Fullerton Road, S(049213)",The Fullerton Water Boat House,Central District,"(1.2856406, 103.8539179)",5
112,MRT Station,https://www.toilet.org.sg/gallery/140/4-star-toilet-stadium-mrt-station,"3 Stadium Walk, S(397692)",Stadium MRT Station,South East District,"(1.3027748, 103.8753769)",4
113,Market & Food Centre,https://www.toilet.org.sg/gallery/380/3-star-toilet-albert-centre-market-and-food-centre,"Blk 270 Queen Street, S(180270)",Albert Centre Market & Food Centre,Central District,"(1.3009888, 103.8540985)",3
114,MRT Station,https://www.toilet.org.sg/gallery/204/4-star-toilet-dt22-jalan-besar-station,"35B Jalan Besar, S(208800)",Jalan Besar MRT Station (DT22),Central District,"(1.304248, 103.8546483)",4
115,MRT Station,https://www.toilet.org.sg/gallery/360/4-star-toilet-bukit-panjang-mrt-station,"950 Upper Bukit Timah Road, S(678213)",Bukit Panjang MRT Station (DT1),South West District,"(1.3762813, 103.7617401)",4
116,Market & Food Centre,https://www.toilet.org.sg/gallery/151/3-star-toilet-dunman-food-centre,"271 Onan Road, S(424768)",Dunman Food Centre,South East District,"(1.3094236, 103.9018475)",3
117,Bus Interchange,https://www.toilet.org.sg/gallery/390/4-star-toilet-yio-chu-kang-bus-interchange,"Ang Mo Kio Avenue 8, Singapore S(088401)",Yio Chu Kang Bus Interchange,Central District,"(1.3707675, 103.8486932)",4
118,Market & Food Centre,https://www.toilet.org.sg/gallery/36/3-star-toilet-market-street-market-and-food-centre,"50, Market Street, S(048940)",Market Street Hawker Centre,Central District,"(1.284342, 103.850119)",3
119,Market & Food Centre,https://www.toilet.org.sg/gallery/337/3-star-toilet-havelock-food-centre,"Blk 22A, Havelock Road, S(161022)",Havelock Road Food Centre,Central District,"(1.2883997, 103.8297321)",3
120,Government Office,https://www.toilet.org.sg/gallery/62/4-star-toilet-psa-vista,"20 Harbour Drive, #08-00, S(117612)",PSA Vista,Central District,"(1.2830867, 103.7793448)",4
121,MRT Station,https://www.toilet.org.sg/gallery/356/3-star-toilet-boon-keng-mrt-station-ne9,"900 Serangoon Road, S(328260)",Boon Keng MRT Station (NE9),Central District,"(1.3193052, 103.8620706)",3
122,MRT Station,https://www.toilet.org.sg/gallery/274/4-star-toilet-ubi-mrt-station-dt27,"51 Ubi Avenue 2, S(408899)",Ubi MRT Station (DT27),South East District,"(1.330304, 103.8996952)",4
123,Market & Food Centre,https://www.toilet.org.sg/gallery/331/4-star-toilet-tampines-round-market-and-food-centre,"Blk 137 Tampines Street 11, S(521137)",Tampines Round Market & Food Centre,North East District,"(1.3454824, 103.9447584)",4
124,Market & Food Centre,https://www.toilet.org.sg/gallery/152/3-star-toilet-geylang-serai-market,"1 Geylang Serai, S(402001)",Geylang Serai Market,South East District,"(1.3166568, 103.8981808)",3
125,Shopping Centre,https://www.toilet.org.sg/gallery/39/4-star-toilet-new-bridge-centre,"336, Smith Street, S(050336)",New Bridge Centre,Central District,"(1.2828449, 103.8425941)",4
126,Government Office,https://www.toilet.org.sg/gallery/406/5-star-toilet-the-ura-centre,"45 Maxwell Road, S(069118)",The URA Centre,Central District,"(1.2796869, 103.845221)",5
127,MRT Station,https://www.toilet.org.sg/gallery/265/4-stars-tuas-link-mrt-station,"20 Tuas West Drive, S(638418)",Tuas Link MRT Station,South West District,"(1.340683, 103.6369046)",4
128,Private Office,https://www.toilet.org.sg/gallery/412/3-Star-Toilet-CKR-Contract-Services-Pte-Ltd,"56 Sungei Kadut Drive, S(729573)",CKR Contract Services Pte Ltd,South West District,"(1.4126398, 103.7449371)",3
129,Market & Food Centre,https://www.toilet.org.sg/gallery/396/blk-69-geylang-bahru-market-and-food-centre,"Blk 69 Geyalng Bahru, S(330069)",Blk 69 Geylang Bahru Market & Food Centre,Central District,"(1.3214913, 103.8700885)",4
130,Bus Interchange,https://www.toilet.org.sg/gallery/403/5-star-toilet-woodlands-depot,"60 Woodlands Industrial Park E4, S(757705)",Woodlands Depot,North West District,"(1.449185, 103.79505)",5
131,Industrial Complex,https://www.toilet.org.sg/gallery/261/5-stars-jtc-surface-engineering-hub,"8 Buroh Street, S(627563)",JTC Surface Engineering Hub,South West District,"(1.3115068, 103.6996957)",5
132,Club,https://www.toilet.org.sg/gallery/96/5-star-toilet-safra-punggol,"9 Sentul Crescent, S(828654)",Safra Punggol,North East District,"(1.410196, 103.906152)",5
133,Shopping Centre,https://www.toilet.org.sg/gallery/173/3-star-toilet-pioneer-mall,"638 Jurong West Street 61, S(640638)",Pioneer Mall,South West District,"(1.3418568, 103.6974327)",3
134,Bus Interchange,https://www.toilet.org.sg/gallery/307/3-star-toilet-bedok-bus-interchange,"12 BedokNorth Drive, S(465492)",Bedok Bus Interchange,South East District,"(1.3248824, 103.9295831)",3
135,Tourist Attraction,https://www.toilet.org.sg/gallery/334/5-star-toilet-sentosa-siloso-west,Sentosa Siliso East,Sentosa Siloso (West),Central District,"(1.2494041, 103.8303209)",5
136,Tourist Attraction,https://www.toilet.org.sg/gallery/400/5-star-toilet-arbora-cafe,"109 Mount Faber Road, Level 2, S(099230)",ArBora Cafe,Central District,"(1.2713774, 103.8192945)",5
137,Market & Food Centre,https://www.toilet.org.sg/gallery/32/3-star-toilet-tiong-bahru-market,"30 Seng Poh Road, S(168898)",Tiong Bahru Market,Central District,"(1.2851311, 103.8324041)",3
138,MRT Station,https://www.toilet.org.sg/gallery/203/4-star-toilet-dt21-bencoolen-station,"31, Bencoolen Street, S(189658)",Bencoolen MRT Station (DT23),Central District,"(1.2989451, 103.8500166)",4
139,MRT Station,https://www.toilet.org.sg/gallery/363/4-star-toilet-sembawang-mrt-station,"11 Canberra Road, S(759775)",Sembawang MRT Station (NS11),North West District,"(1.4490229, 103.8198723)",4
140,Market & Food Centre,https://www.toilet.org.sg/gallery/23/4-star-toilet-golden-mile-food-centre,"505 Beach Road, S(199583)",Golden Mile Food Centre,Central District,"(1.3030908, 103.8639299)",4
141,Market & Food Centre,https://www.toilet.org.sg/gallery/425/5-Star-Toilet-Amoy-Street-Food-Centre,"National Development Building (Annex B) Telok Ayer Street, S(069111)",Amoy Street Food Centre,Central District,"(1.281155, 103.8478489)",5
142,Shopping Centre,https://www.toilet.org.sg/gallery/374/4-star-toilet-loyang-point-shopping-centre,"258/259 Pasir Ris Street 21, S(510258)",Loyang Point Shopping Centre,North East District,"(1.3680634, 103.9623767)",4
143,Private Office,https://www.toilet.org.sg/gallery/200/5-star-toilet-samwoh-eco-green-building,"51 Kranji Crescent, S(728661)",Samwoh Eco Green Building,South West District,"(1.4323153, 103.7496893)",5
144,Bus Interchange,https://www.toilet.org.sg/gallery/287/3-star-toilet-changi-business-park-bus-terminal,"55 Changi South Avenue 1, S(485997)",Changi Business Park Bus Terminal,South East District,"(1.3423335, 103.9643676)",3
145,Bus Interchange,https://www.toilet.org.sg/gallery/309/3-star-toilet-clementi-bus-interchange,"441 Commonwealth Avenue West, S(120441)",Clementi Bus Interchange,South West District,"(1.315027, 103.763991)",3
146,MRT Station,https://www.toilet.org.sg/gallery/354/4-star-toilet-redhill-mrt-station-ew18,"920 Tiong Bahru Road, S(158792)",Redhill MRT Station (EW18),Central District,"(1.2896386, 103.8167739)",4
147,Shopping Centre,https://www.toilet.org.sg/gallery/174/3-star-toilet-sunshine-place,"475 Choa Chu Kang Avenue 3, S(680475)",Sunshine Place,South West District,"(1.3780266, 103.7389881)",3
148,MRT Station,https://www.toilet.org.sg/gallery/270/4-star-toilet-bedok-north-mrt-station-dt29,"315 Upper Changi Road, S(467347)",Bedok North MRT Station (DT29),South East District,"(1.3239657, 103.9300335)",4
149,Bus Interchange,https://www.toilet.org.sg/gallery/300/4-star-toilet-amk-bus-interchange,"53 Ang Mo Kio Avenue 3, S(569933)",AMK Bus Interchange,Central District,"(1.3691369, 103.848705)",4
150,MRT Station,https://www.toilet.org.sg/gallery/263/4-stars-gul-circle-station,"7A Tuas Road, S(637288)",Gul Circle Station,South West District,"(1.3198082, 103.6609044)",4
151,Shopping Centre,https://www.toilet.org.sg/gallery/208/5-stars-the-central,"6 Eu Tong Sen Street, S(059817)",The Central,Central District,"(1.2891465, 103.8467157)",5
152,Market & Food Centre,https://www.toilet.org.sg/gallery/31/3-star-toilet-north-bridge-road-market-and-food-centre,"861 North Bridge Road, S(198783)",North Bridge Road Market & Food Centre,Central District,"(1.3057224, 103.8639278)",3
153,Market & Food Centre,https://www.toilet.org.sg/gallery/382/3-star-toilet-chinatown-market,"335 Smith Street, S(050335)",Chinatown Market,Central District,"(1.2825863, 103.8430923)",3
154,MRT Station,https://www.toilet.org.sg/gallery/80/4-star-toilet-nicoll-highway-mrt-station,"20 Republic Avenue, S(038970)",Nicoll Highway MRT Station,Central District,"(1.2998096, 103.8635107)",4
155,MRT Station,https://www.toilet.org.sg/gallery/196/4-star-toilet-haw-par-villa-mrt-station,"200, Holland Avenue, S(278995)",Haw Par Villa MRT station,South West District,"(1.3111167, 103.7961337)",4
156,MRT Station,https://www.toilet.org.sg/gallery/373/4-star-toilet-bukit-gombak-mrt-station-ns3,"802 Bukit Batok West Avenue 5, S(659083)",Bukit Gombak MRT Station (NS3),South West District,"(1.3590145, 103.751821)",4
157,Shopping Centre,https://www.toilet.org.sg/gallery/170/4-star-toilet-limbang-shopping-centre,"532 Choa Chu Kang Street 51, S(680532)",Limbang Shopping Centre,South West District,"(1.3921963, 103.7431192)",4
158,MRT Station,https://www.toilet.org.sg/gallery/88/4-star-toilet-holland-village-mrt-station,"262, Pasir Panjang Road, S(118628)",Holland Village MRT station,Central District,"(1.2842728, 103.7824613)",4
159,MRT Station,https://www.toilet.org.sg/gallery/257/4-stars-macpherson-mrt-station-cc10,"171 Paya Lebar Rd, S(409048)",Macpherson MRT Station CC10,South East District,"(1.3255104, 103.8902484)",4
160,Shopping Centre,https://www.toilet.org.sg/gallery/45/4-star-toilet-liang-court,"177B, River Valley Road, S(179032)",Liang Court,Central District,"(1.2917595, 103.8447438)",4
161,MRT Station,https://www.toilet.org.sg/gallery/375/4-star-toilet-yio-chu-kang-mrt-station-ns15,"3000 Ang Mo Kio Avenue 8, S(569813)",Yio Chu Kang MRT Station (NS15),Central District,"(1.3707675, 103.8486932)",4
162,Private Office,https://www.toilet.org.sg/gallery/72/4-star-toilet-wee-hur-building,"39 Kim Keat Road, Wee Hur Building, S(328814)",Wee Hur Construction Pte Ltd,Central District,"(1.325422, 103.8535242)",4
163,Bus Interchange,https://www.toilet.org.sg/gallery/291/3-star-toilet-kampong-bahru-bus-terminal,"11A Spooner Road, S(168795)",Kampong Bahru Bus Terminal,Central District,"(1.2759107, 103.8316453)",3
164,Foodcourt,https://www.toilet.org.sg/gallery/176/5-star-toilet-kopitiam-on-the-ridge-national-university-hospital,"1 Lower Kent Ridge Road, #05-01 One@Kent Ridge, S (119082)",Kopitiam,South West District,"(1.2934297, 103.784535)",5
165,MRT Station,https://www.toilet.org.sg/gallery/325/4-star-toilet-potong-pasir-mrt-station-ne10,55 Upper Serangoon Rd. S(347694),Potong Pasir MRT Station (NE10),Central District,"(1.3312317, 103.8687722)",4
166,Market & Food Centre,https://www.toilet.org.sg/gallery/426/5-Star-Toilet-Kallang-Estate-Market-and-Food-Centre,"17 Old Airport Road, S(397972)",Kallang Estate Market & Food Centre,Central District,"(1.3073665, 103.8840416)",5
167,MRT Station,https://www.toilet.org.sg/gallery/346/4-star-toilet-clementi-mrt-station-ew23,"3150 Commonwealth Avenue West, S(129580)",Clementi MRT Station (EW23),South West District,"(1.3154803, 103.7651916)",4
168,Shopping Centre,https://www.toilet.org.sg/gallery/43/4-star-toilet-valley-point-mall,"491 River Valley Road, S(248371)",Valley Point Mall,Central District,"(1.293166, 103.8273773)",4
169,Tourist Attraction,https://www.toilet.org.sg/gallery/58/5-star-toilet-sentosa-beach-station,"33 Allanbroke Road, Sentosa, S(099981)",Sentosa Beach Station,Central District,"(1.2485765, 103.8281728)",5
170,MRT Station,https://www.toilet.org.sg/gallery/206/4-star-toilet-dt24-geylang-bahru-station,"541 Kallang Bahru, S(339355)",Geylang Bahru MRT Station (DT24),Central District,"(1.321501, 103.871606)",4
171,Government Office,https://www.toilet.org.sg/gallery/68/5-star-toilet-ministry-of-the-environment-and-water-resources-environment-building,"40, Scotts Road, Level 1-4, S(228231)","Ministry of the Environment & Water Resources, Environment Building",Central District,"(1.3102694, 103.8362083)",5
172,Government Office,https://www.toilet.org.sg/gallery/66/5-star-toilet-ministry-of-social-and-family-development,"512 Thomson Rd, Level 1, 5 & 17, S(298136)",Ministry of Social & Family Development (MSF),Central District,"(1.333665, 103.839502)",5
173,Shopping Centre,https://www.toilet.org.sg/gallery/281/3-Star-Toilet-Pasir-Ris-West-Plaza,"735, Pasir Ris Street 72, S(510735)",Pasir Ris West Plaza,North East District,"(1.3797473, 103.9363331)",4
174,MRT Station,https://www.toilet.org.sg/gallery/86/4-star-toilet-marina-south-pier-mrt-station,"31 Marina Coastal Drive, S(018988)",Marina South Pier station,Central District,"(1.2708997, 103.8632543)",4
175,Shopping Centre,https://www.toilet.org.sg/gallery/116/4-and-5-star-toilet-hougang-mall,"90 Hougang Avenue 10, Level B1 - 2, S(538766)",Hougang Mall,North East District,"(1.372455, 103.8938277)",4
176,MRT Station,https://www.toilet.org.sg/gallery/316/4-star-toilet-woodleigh-mrt-station-ne11,"400 Upper Serangoon Road, S(347695)",Woodleigh MRT Station (NE11),Central District,"(1.3389621, 103.8704735)",4
177,MRT Station,https://www.toilet.org.sg/gallery/245/4-stars-telok-ayer-mrt-station-dt18,"7 Cross Street, S(048416)",Telok Ayer MRT Station (DT18),Central District,"(1.282251, 103.84819)",4
178,MRT Station,https://www.toilet.org.sg/gallery/344/4-star-toilet-buona-vista-mrt-station-ew-21,"100 Bouna Vista Road, S(139345)",Buona Vista MRT Station (EW21),South West District,"(1.3073105, 103.7898406)",4
179,Shopping Centre,https://www.toilet.org.sg/gallery/116/4-and-5-star-toilet-hougang-mall,"90 Hougang Avenue 10, Level 3 - 5, S(538766)",Hougang Mall,North East District,"(1.3726061, 103.8938262)",5
180,Place of worship,https://www.toilet.org.sg/gallery/70/4-star-toilet-malabar-muslim-jamaath-mosque,"471 Victoria Street, S(198370)",Malabar Muslim Jamaath Mosque,Central District,"(1.3051146, 103.8598727)",4
181,Market & Food Centre,https://www.toilet.org.sg/gallery/102/3-star-toilet-hawker-centre-our-tampines-hub,"902 Tampines Avenue 4, S(520902)",Hawker Centre @ Our Tampines Hub,North East District,"(1.3512821, 103.9390978)",3
182,MRT Station,https://www.toilet.org.sg/gallery/97/4-star-toilet-pasir-ris-mrt-station,"10 Pasir Ris Central, S(519634)",Pasir Ris MRT Station,North East District,"(1.3731143, 103.9493411)",4
183,MRT Station,https://www.toilet.org.sg/gallery/141/4-star-toilet-bartley-mrt-station,"212 Upper Paya Lebar, S(534881)",Bartley MRT Station,South East District,"(1.3423175, 103.8841006)",4
184,Convention & Exhibition Centre,https://www.toilet.org.sg/gallery/336/5-star-toilet-suntec-convention-and-exhibition-centre,"1 Raffles Boulevard Suntec City, S(039593)",Suntec Convention & Exhibition Centre,Central District,"(1.2936739, 103.8572447)",5
185,Bus Interchange,https://www.toilet.org.sg/gallery/305/3-star-toilet-serangoon-bus-interchange,"20 Serangoon Avenue 2, S(556138)",Serangoon Bus Interchange,South East District,"(1.3505571, 103.8719993)",3
186,MRT Station,https://www.toilet.org.sg/gallery/349/4-star-toilet-joo-koon-mrt-station-ew-29,"91 Joo Koon Circle, S(6291116)",Joo Koon MRT Station (EW29),South West District,"(1.3273767, 103.6775648)",4
187,MRT Station,https://www.toilet.org.sg/gallery/366/5-star-toilet-orchard-mrt-station,"437 Orchard Road, S(238878)",Orchard MRT Station,Central District,"(1.3033191, 103.8322954)",5
188,MRT Station,https://www.toilet.org.sg/gallery/146/4-star-toilet-simei-mrt-station,"30 Simei Street 3, S(529888)",Simei MRT Station,South East District,"(1.3431473, 103.9534205)",4
189,Market & Food Centre,https://www.toilet.org.sg/gallery/379/4-star-toilet-toa-payoh-lorong-8-market-and-hawker-centre,"210 Lorong 8 Toa Payoh, S(310210)","210, Toa Payoh Lorong 8 Market & Hawker Centre",Central District,"(1.3403169, 103.8545062)",4
190,MRT Station,https://www.toilet.org.sg/gallery/255/4-stars-expo-mrt-station,"21 Upper Changi South Avenue 1, S(486065)",Expo MRT Station,South East District,"(1.336502, 103.9631211)",4
191,MRT Station,https://www.toilet.org.sg/gallery/84/4-star-toilet-newton-mrt-station,"49 Scotts Road, S(228234)",Newton MRT station,Central District,"(1.3125093, 103.8379519)",4
192,MRT Station,https://www.toilet.org.sg/gallery/351/4-star-toilet-lakeside-mrt-station-ew-26,"201 Boon Lay Way, S(649845)",Lakeside MRT (EW26),South West District,"(1.3442778, 103.7208188)",4
193,Government Office,https://www.toilet.org.sg/gallery/63/4-star-toilet-psa-tanjong-pagar-complex,"7B Keppel Road, #19 - #21, S(089054)",PSA Tanjong Pagar Complex,Central District,"(1.272064, 103.8423677)",4
194,MRT Station,https://www.toilet.org.sg/gallery/76/4-star-toilet-bayfront-mrt-station,"11 Bayfront Avenue, S(018957)",Bayfront MRT Station,Central District,"(1.2813332, 103.8589238)",4
195,Restaurant,,"438 Serangoon Road, S(218133)",MTR 1924 Indian Restaurant,Central District,"(1.3129619, 103.8564529)",4
196,MRT Station,https://www.toilet.org.sg/gallery/361/4-star-toilet-cashew-mrt-station,"1 Cashew Road, S(679696)",Cashew MRT Station (DT2),North West District,"(1.3699296, 103.7645535)",4
197,Market & Food Centre,https://www.toilet.org.sg/gallery/35/4-star-toilet-tanglin-halt-market,"48A, Tanglin Halt Road, S(148813)",Tanglin Halt Market,Central District,"(1.3009859, 103.7980608)",4
198,Shopping Centre,https://www.toilet.org.sg/gallery/395/3-star-toilet-ue-square-shopping-mall,"81 Clemenceau Avenue, S(239917)",UE Square Shopping Mall,Central District,"(1.2921309, 103.8425941)",3
199,Market & Food Centre,https://www.toilet.org.sg/gallery/297/4-star-toilet-jurong-west-hawker-centre,"50 Jurong West Street 61, S(648202)",Jurong West Hawker Centre,South West District,"(1.3412184, 103.6973341)",4
200,Government Office,https://www.toilet.org.sg/gallery/165/4-star-toilet-jurong-island-checkpoint,"18 Jurong Pier Road, S(619618)",Jurong Island Checkpoint,South West District,"(1.3101938, 103.7100877)",4
201,MRT Station,https://www.toilet.org.sg/gallery/144/4-star-toilet-mounbatten-mrt-station,"301 Mountbatten Road, S(398006)",Mountbatten MRT Station,South East District,"(1.30664, 103.8830992)",4
202,Government Office,https://www.toilet.org.sg/gallery/377/5-star-toilet-heartbeat-bedok,"11 Bedok North Stree 1, S(469662)",Heartbeat@Bedok,South East District,"(1.3269753, 103.9321493)",5
203,Shopping Centre,https://www.toilet.org.sg/gallery/113/5-star-toilet-tampines-one,"10, Tampines Central 1, S(529536)",Tampines One,North East District,"(1.354212, 103.9450352)",5
204,Market & Food Centre,https://www.toilet.org.sg/gallery/24/4-star-toilet-newton-food-centre,"500 Clemenceau Ave North, S(229495)",Newton Food Centre,Central District,"(1.3119097, 103.8393033)",4
205,Market & Food Centre,https://www.toilet.org.sg/gallery/371/4-star-toilet-bendemeer-market-and-food-centre,"Blk 29 Bendemeer Road, S(330029)",Bendemeer Market & Food Centre,Central District,"(1.3193373, 103.8630249)",4
206,Shopping Centre,https://www.toilet.org.sg/gallery/118/4-star-toilet-tampines-central-community-complex,"Blk 886A, Tampines Street 83, S(521866)",Tampines Central Community Complex,North East District,"(1.3519075, 103.9322995)",4
207,Industrial Complex,https://www.toilet.org.sg/gallery/408/4-star-toilet-medtech-hub,"2 Tukang Innovation Grove, S(618305)",MedTech Hub,South West District,"(1.3251773, 103.7103665)",4
208,Market & Food Centre,https://www.toilet.org.sg/gallery/37/4-star-toilet-commonwealth-crescent-market,"31 Commonwealth Crescent, S(149644)",Commonwealth Crescent Market,Central District,"(1.306959, 103.8003444)",4
209,Market & Food Centre,https://www.toilet.org.sg/gallery/155/4-star-toilet-jurong-port-food-centre,"29A Jurong Port Road, S(619112)",Jurong Port Road Food Centre,South West District,"(1.3157359, 103.7202072)",4
210,MRT Station,https://www.toilet.org.sg/gallery/353/4-star-toilet-queenstown-mrt-station-ew19,"301 Commonwealth Avenue, S(149729)",Queenstown MRT Station (EW19),Central District,"(1.2940655, 103.8061569)",4
211,Market & Food Centre,https://www.toilet.org.sg/gallery/278/5-Star-Toilet-Pasir-Ris-Central-Hawker-Centre,"110 Pasir Ris Central, S(519641)",Pasir Ris Central Hawker Centre,North East District,"(1.3735776, 103.9514715)",5
212,MRT Station,https://www.toilet.org.sg/gallery/247/4-stars-chinatown-mrt-station-dt19,"91 Upper Cross Street, S(058362)",Chinatown MRT Station (DT19),Central District,"(1.2853458, 103.843936)",4
213,Tourist Attraction,https://www.toilet.org.sg/gallery/241/5-stars-sentosa-silosa-beach-east,"Siloso Beach Walk, S(098997)",Sentosa Silosa Beach (East),Central District,"(1.2540283, 103.8148433)",5
214,Shopping Centre,https://www.toilet.org.sg/gallery/128/4-star-toilet-admiralty-place,"Blk 678 Woodlands Avenue 6, S(730678)",Admiralty Place,North West District,"(1.4399252, 103.8013857)",4
215,Bus Interchange,https://www.toilet.org.sg/gallery/294/3-star-toilet-tampines-concourse-bus-interchange,"11 Tampines Concourse, S(529543)",Tampines Concourse Bus Interchange,North East District,"(1.356359, 103.940956)",3
216,MRT Station,https://www.toilet.org.sg/gallery/271/4-star-toilet-kaki-bukit-mrt-station-dt28,"30 Kaki Bukit Avenue 1, S(415804)",Kaki Bukit MRT Station (DT28),North East District,"(1.33529, 103.9091087)",4
217,MRT Station,https://www.toilet.org.sg/gallery/75/4-star-toilet-promenade-mrt-station,"2 Tamasek Avenue, S(039193)",Promenade MRT Station,Central District,"(1.2924504, 103.8604405)",4
218,Tourist Attraction,https://www.toilet.org.sg/gallery/57/5-star-toilet-merlion-park-fullerton,"1 Fullerton Road, S(049178)",Merlion Park@Fullerton,Central District,"(1.2858493, 103.8532844)",5
219,MRT Station,https://www.toilet.org.sg/gallery/244/4-stars-bugis-mrt-station-dt14,"220 Voctoria Street, S(188022)",Bugis MRT Station (DT14),Central District,"(1.2998067, 103.855754)",4
220,MRT Station,https://www.toilet.org.sg/gallery/123/4-star-toilet-woodlands-mrt-station,"30 Woodlands Avenue, S(738343)",Woodlands MRT Station,North West District,"(1.437284, 103.787152)",4
221,Place of worship,https://www.toilet.org.sg/gallery/95/4-star-toilet-al-istighfar-mosque,"2 Pasir Ris Walk, S(518239)",Al - Istighfar Mosque,North East District,"(1.371115, 103.964096)",4
222,Shopping Centre,https://www.toilet.org.sg/gallery/129/3-star-toilet-fajar-shopping-centre,"445 Fajar Road, Level 1 & 2, S(670445)",Fajar Shopping Centre,North West District,"(1.383602, 103.7710299)",3
223,MRT Station,https://www.toilet.org.sg/gallery/321/4-star-toilet-king-albert-mrt-station-dt6,"2 Blackmore Drive, S(599987)",King Albert MRT Station (DT6),North West District,"(1.3357361, 103.7830238)",4
224,MRT Station,https://www.toilet.org.sg/gallery/329/4-star-toilet-sixth-avenue-mrt-station-dt7,"777 Bukit Timah Road, S(269784)",Sixth Avenue MRT Station (DT7),North West District,"(1.3308446, 103.7975831)",4
225,MRT Station,https://www.toilet.org.sg/gallery/249/4-stars-tampines-mrt-station-dt32,"20 Tampines Central, S(529538)",Tampines MRT Station (DT32),North East District,"(1.3535537, 103.9449445)",4
226,Private Office,https://www.toilet.org.sg/gallery/74/4-star-toilet-palais-renaissance-private-office,"390, Orchard Road, Level 4-16, S(238871)",Palais Renaissance,Central District,"(1.3066492, 103.8295057)",5
227,Foodcourt,https://www.toilet.org.sg/gallery/53/3-star-toilet-ntuc-foodfare-clifford-centre-food-emporium,"Clifford Centre, 24 Raffles Place, S(048621)",NTUC Foodfare Court@Clifford Centre,Central District,"(1.2838533, 103.8519697)",3
228,Shopping Centre,https://www.toilet.org.sg/gallery/393/6-star-toilet-suntec-city-mall,"3, Temasek Blvd., S(038983)",Suntec City Mall,Central District,"(1.2960707, 103.8589791)",6
229,Shopping Centre,https://www.toilet.org.sg/gallery/154/5-star-toilet-joo-chiat-complex,"1 Joo Chiat Road, S(420001)",Joo Chiat Complex,South East District,"(1.3157105, 103.8988136)",4
230,MRT Station,https://www.toilet.org.sg/gallery/343/4-star-toilet-boon-lay-mrt-station-ew-27,"301 Boon Lay Way, S(649846)",Boon Lay MRT Station (EW27),South West District,"(1.3383863, 103.7058398)",4
231,Market & Food Centre,https://www.toilet.org.sg/gallery/33/3-star-toilet-bukit-timah-market-and-food-centre,"51 Upper Bukit Timah Road, S(588215)",Bukit Timah Market & Food Centre,Central District,"(1.3394498, 103.7760782)",3
232,MRT Station,https://www.toilet.org.sg/gallery/122/4-star-toilet-kranji-mrt-station,"960 Woodlands Road, S(738702)",Kranji MRT Station,North West District,"(1.4250037, 103.762072)",4
233,MRT Station,https://www.toilet.org.sg/gallery/198/4-star-toilet-labrador-park-mrt-station,"100, Cluny Park Road, S(257494)",Labrador Park MRT station,South West District,"(1.3222145, 103.8145958)",4
234,MRT Station,https://www.toilet.org.sg/gallery/332/4-star-toilet-tan-kah-kee-mrt-station-dt8,"651 Bukit Timah Road, S(266268)",Tan Kah Kee MRT Station (DT8),North West District,"(1.3257419, 103.8079284)",4
235,MRT Station,https://www.toilet.org.sg/gallery/350/4-star-toilet-jurong-east-mrt-station-ew24,"10 Jurong East Street 12, S(609690)",Jurong East MRT Station (EW24),South West District,"(1.3335109, 103.742022)",4
236,Bus Interchange,https://www.toilet.org.sg/gallery/313/3-star-toilet-queens-street-bus-interchange,"Queens Street Bus Terminal, S(884001)",Queens Street Bus Terminal,Central District,"(1.303537, 103.8567355)",3
237,Shopping Centre,https://www.toilet.org.sg/gallery/131/4-star-toilet-888-plaza,"Blk 888, Woodlands Drive 50, S(731888)",888 Plaza,North West District,"(1.4377241, 103.7952735)",4
238,Tourist Attraction,https://www.toilet.org.sg/gallery/61/5-star-toilet-sentosa-wings-of-time,"Wings of Time, Sentosa, S(099538)",Sentosa Wings of Time,Central District,"(1.2509413, 103.8173405)",5
241,MRT Station,https://www.toilet.org.sg/gallery/205/4-star-toilet-dt23-bendemeer-station,"11 Kallang Bahru, S(339356)",Bendemeer MRT Station (DT23),Central District,"(1.3138048, 103.8628965)",4
242,MRT Station,https://www.toilet.org.sg/gallery/376/5-star-toilet-canberra-mrt-station-ns12,"11, Canberra Link, S(756922)",Canberra MRT Station (NS12),North West District,"(1.4435047, 103.8294255)",5
243,Industrial Complex,https://www.toilet.org.sg/gallery/415/3-Star-Toilet-SkyTech,"2 Bukit Batok Street 24, S(659480)",SkyTech,South West District,"(1.3421371, 103.7544416)",3
244,Industrial Complex,https://www.toilet.org.sg/gallery/183/4-star-toilet-cleantech-two,"CleanTech One, 1 Clean Tech Loop, S(637141)",CleanTech One,South West District,"(1.3550366, 103.6921728)",4
245,Park,https://www.toilet.org.sg/gallery/163/3-star-toilet-jurong-eco-garden,"1 Cleantech Loop Singapore, S(637141)",Jurong Eco Garden,South West District,"(1.3553891, 103.6921766)",3
246,Tourist Attraction,https://www.toilet.org.sg/gallery/399/5-star-toilet-mount-faber-peak,"109 Mount Faber Road, Level 1, S(099230)",Mount Faber Peak,Central District,"(1.2713774, 103.8192945)",5
247,Market & Food Centre,https://www.toilet.org.sg/gallery/25/4-star-toilet-adam-road-food-centre,"2 Adam Road, S(289876)",Adam Road Food Centre,Central District,"(1.3240414, 103.8141545)",4
248,Bus Interchange,https://www.toilet.org.sg/gallery/296/3-star-toilet-upper-east-coast-bus-terminal,"740 Upper East Coast Road, S(465549)",Upper East Coast Bus Terminal,South East District,"(1.3182065, 103.9526012)",3
249,MRT Station,https://www.toilet.org.sg/gallery/320/4-star-toilet-hougang-mrt-station-ne14,"80 Hougang Central, S(538758)",Hougang MRT Station (NE14),North East District,"(1.3719899, 103.8919701)",4
250,Industrial Complex,https://www.toilet.org.sg/gallery/386/3-star-toilet-launchpad-jid,"2 Cleantech Loop, S(637144)",LaunchPad @ JID,South West District,"(1.3541418, 103.692448)",3
251,MRT Station,https://www.toilet.org.sg/gallery/345/4-star-toilet-chineses-garden-mrt-station-ew-25,"151 Boon Lay Way, S(609959)",Chinese Garden MRT Staton (EW25),South West District,"(1.3424914, 103.7324817)",4
252,Tourist Attraction,https://www.toilet.org.sg/gallery/242/5-stars-sentosa-palawan-beach-west,"Palawan Beach Walk, S(098038)",Sentosa Palawan Beach (West),Central District,"(1.2489493, 103.8223737)",5
253,MRT Station,https://www.toilet.org.sg/gallery/312/4-star-toilet-outram-mrt-station-ne3,10 Eu Tong Sen Street S(059815),Outram MRT Station (NE3),Central District,"(1.2887613, 103.8468272)",4
254,MRT Station,https://www.toilet.org.sg/gallery/256/4-stars-upper-changi-mrt-station,"690 Upper Changi Road East, S(485990)",Upper Changi MRT Station,South East District,"(1.3422286, 103.9614026)",4
255,MRT Station,https://www.toilet.org.sg/gallery/195/4-star-toilet-kent-ridge-mrt-station,"100, North Buona Vista Road, S(139345)",Kent Ridge MRT station,South West District,"(1.3073105, 103.7898406)",4
256,Bus Interchange,https://www.toilet.org.sg/gallery/252/5-stars-bukit-panjang-intergrated-transport-hub,"15 Petir Road, S(678270)",Bukit Panjang Intergrated Transport Hub,North West District,"(1.3784446, 103.7638759)",5
257,MRT Station,https://www.toilet.org.sg/gallery/193/4-star-toilet-buona-vista-mrt-station,"301, South Buona Vista Road, S(118177)",Buona Vista MRT station,South West District,"(1.2933881, 103.7842699)",4
258,MRT Station,https://www.toilet.org.sg/gallery/418/4-Star-Toilet-Lentor-Mrt-Station-TE-5-,"1 Lentor Drive, S(789361)",Lentor MRT Station (TE5),Central District,"(1.3853428, 103.8362834)",4
259,Government Office,https://www.toilet.org.sg/gallery/64/5-star-toilet-health-sciences-authority,"11 Outram Road, S(169078)",Health Sciences Authority,Central District,"(1.2804789, 103.8384306)",5
260,Shopping Centre,https://www.toilet.org.sg/gallery/171/4-star-toilet-taman-jurong-shopping-centre,Blk 399 Yung Sheng Road (Near Party World/NTUC),Taman Jurong Shopping Centre,South West District,"(1.3345709, 103.72059)",4
261,MRT Station,https://www.toilet.org.sg/gallery/359/4-star-toilet-beauty-world-mrt-station,"101 Upper Bukit Timah Road, S(588216)",Beauty World MRT Station (DT5),South West District,"(1.3408774, 103.7758127)",4
262,MRT Station,https://www.toilet.org.sg/gallery/362/4-star-toilet-hillview-mrt-station,"510 Upper Bukit Timah Road, S(678211)",Hillview MRT Station (DT3),North West District,"(1.3522743, 103.7697625)",4
263,Tourist Attraction,https://www.toilet.org.sg/gallery/243/5-stars-sentosa-palawan-beach-east,"Palawan Beach Walk, S(098521)",Sentosa Palawan Beach (East),Central District,"(1.2489493, 103.8223737)",5
264,Private Office,https://www.toilet.org.sg/gallery/71/5-star-toilet-lum-chang-building,"14, Kung Chong Road, S(159150)",Lum Chang Building,Central District,"(1.2900376, 103.8112565)",5
265,MRT Station,https://www.toilet.org.sg/gallery/250/4-stars-tampines-west-mrt-station-dt31,"2 Tampines Avenue 4, S(529683)",Tampines West MRT Station (DT31),North East District,"(1.3454606, 103.938236)",4
266,MRT Station,https://www.toilet.org.sg/gallery/194/4-star-toilet-one-north-mrt-station,"9, Ayer Rajah Avenue, S(138647)",One North MRT station,South West District,"(1.2993906, 103.7872862)",4
267,Market & Food Centre,https://www.toilet.org.sg/gallery/21/4-star-toilet-sembawang-hill-food-centre,"590 Upper Thomson Road, S(574419)",Sembawang Hill Food Centre,Central District,"(1.3723618, 103.8290076)",4
268,MRT Station,https://www.toilet.org.sg/gallery/273/4-star-toilet-mattar-mrt-station-dt25,"60 Merpati Road, S(379314)",Mattar MRT Station (DT25),South East District,"(1.3272359, 103.8828184)",4
269,Market & Food Centre,https://www.toilet.org.sg/gallery/338/3-star-toilet-sims-vista-market-and-food-centre,"Blk 49 Sims Place, S(380049)",Sims Vista Market & Food Centre,Central District,"(1.3170535, 103.8793293)",3
270,Coffeeshop,https://www.toilet.org.sg/gallery/423/3-Star-Toilet-Kopitiam-231-Sumang-Lane,"231, Sumang Lane, S(820231)",Kopitiam @ 231 Sumang Lane,North East District,"(1.4019589, 103.8921939)",3
271,MRT Station,https://www.toilet.org.sg/gallery/142/4-star-toilet-lorong-chuan-mrt-station,"150 Serangoon Avenue 3, S(554533)",Lorong Chuan MRT Station,South East District,"(1.3517876, 103.8636601)",4
272,Tourist Attraction,https://www.toilet.org.sg/gallery/56/5-star-toilet-sentosa-palawan-kidz-city,"31 Beach View, Palawan Kidz City S(098008)",Sentosa Palawan Kidz City,Central District,"(1.2515984, 103.8202485)",5
273,MRT Station,https://www.toilet.org.sg/gallery/306/4-star-toilet-harbourfront-mrt-station-ne1,"81 Telok Blangah Road, S(098867)",HarbourFront MRT Station (NE1),Central District,"(1.2655352, 103.8212226)",4
274,Shopping Centre,https://www.toilet.org.sg/gallery/41/4-star-toilet-robertson-walk,"11, Unity Street, #02-20A, S(237995)",Robertson Walk,Central District,"(1.2919896, 103.8416883)",4
275,Shopping Centre,https://www.toilet.org.sg/gallery/266/5-stars-greenridge-shopping-centre,"524A Jelapang Road, S(671524)",Greenridge Shopping Centre,South West District,"(1.3853755, 103.7663006)",5
276,MRT Station,https://www.toilet.org.sg/gallery/277/4-Star-Toilet-Jalan-Besar-MRT-Station,"35B Jalan Besar, S(208800)","Jalan Besar MRT Station, B1 (DT22)",Central District,"(1.304248, 103.8546483)",4
277,MRT Station,https://www.toilet.org.sg/gallery/372/4-star-toilet-bukit-batok-mrt-station-n2,"10 Bukit Batok Central, S(659958)",Bukit Batok MRT Station (N2),South West District,"(1.3490579, 103.7496251)",4
278,MRT Station,https://www.toilet.org.sg/gallery/98/4-star-toilet-eunos-mrt,"30 Eunos Crescent, S(409423)",Eunos MRT Station,North East District,"(1.3196998, 103.902894)",4
279,MRT Station,https://www.toilet.org.sg/gallery/85/4-star-toilet-botanic-gardens-mrt-station,"701, Telok Blangah Road, S(109029)",Botanic Gardens MRT station,Central District,"(1.272255, 103.803149)",4
280,Shopping Centre,https://www.toilet.org.sg/gallery/114/4-star-toilet-century-square,"2 Tampines Central 5, S(529509)",Century Square,North East District,"(1.3523888, 103.9438567)",4
281,MRT Station,https://www.toilet.org.sg/gallery/419/4-Star-Toilet-Mayflower-Mrt-Station-TE-6-,"91 Ang Mo Kio Avenue 4, S(569900)",Mayflower MRT Station (TE6),Central District,"(1.3718506, 103.8368686)",4
282,Market & Food Centre,https://www.toilet.org.sg/gallery/125/4-star-toilet-bukit-panjang-hawker-centre,"259 Bukit Panjang Ring Road, S(671259)",Bukit Panjang Hawker Centre,North West District,"(1.3773085, 103.7730453)",4
283,MRT Station,https://www.toilet.org.sg/gallery/365/5-star-toilet-bras-basah-mrt-station,"65 Bras Basah Road, S(189561)",Bras Basah MRT Station,Central District,"(1.296647, 103.850933)",5
284,Bus Interchange,https://www.toilet.org.sg/gallery/301/3-star-toilet-boon-lay-bus-interchange,"87 Jurong West Central 3, S(648343)",Boon Lay Bus Interchange,South West District,"(1.3401005, 103.7056632)",3
285,Market & Food Centre,https://www.toilet.org.sg/gallery/410/5-star-toilet-zion-riverside-food-centre,"70 Zion Road, S(247792)",Zion Riverside Food Centre,Central District,"(1.2924504, 103.831136)",5
286,Market & Food Centre,https://www.toilet.org.sg/gallery/26/4-star-toilet-maxwell-food-centre,"1 Kadayanallur Street, S(069184)",Maxwell Food Centre,Central District,"(1.2802419, 103.8449058)",4
287,MRT Station,https://www.toilet.org.sg/gallery/92/4-star-toilet-outram-park-mrt-station,"10 Outram Road, S(169037)",Outram MRT Station,Central District,"(1.2814265, 103.8391803)",4
288,Market & Food Centre,https://www.toilet.org.sg/gallery/268/4-stars-yishun-park-hawker-centre,"51 Yishun Avenue 11, S(768867)",Yishun Park Hawker Centre,North West District,"(1.4249457, 103.8447228)",4
289,MRT Station,https://www.toilet.org.sg/gallery/298/5-star-toilet-punggol-mrt-station-ne17,"10 Punggol Central, S(828868)",Punggol MRT Station-NE17,North East District,"(1.4064702, 103.8994441)",5
290,MRT Station,https://www.toilet.org.sg/gallery/262/4-stars-tuas-west-mrt-station,"131, Pioneer Road, S(639609)",Tuas West MRT Station,South West District,"(1.3291552, 103.6403309)",4
291,Coffeeshop,https://www.toilet.org.sg/gallery/49/3-star-toilet-ccmw-cantoment-road,"Blk 1 Cantonment Road, S(080001)",CCMW,Central District,"(1.2756629, 103.8412706)",3
292,Shopping Centre,https://www.toilet.org.sg/gallery/169/5-star-toilet-jurong-point-shopping-centre,"1 Jurong West Central 2, #03-07, Jurong Point Shopping Centre, S(648886)",Jurong Point Shopping Centre,South West District,"(1.3399257, 103.7062886)",5
293,MRT Station,https://www.toilet.org.sg/gallery/246/4-stars-downtown-mrt-station-dt17,"15 Central Boulevard, S(018969)",Downtown MRT Station (DT17),Central District,"(1.2792813, 103.8527634)",4
294,MRT Station,https://www.toilet.org.sg/gallery/355/3-star-toilet-little-india-mrt-station-ne7,"60 Bukit Timah Road, S(229900)",Little India MRT Station (NE7),Central District,"(1.3068697, 103.849474)",3
295,MRT Station,https://www.toilet.org.sg/gallery/272/4-star-toilet-macpherson-mrt-station-dt26,"10 Circuit Link, S(378956)",Macpherson MRT Station (DT26),South East District,"(1.3262687, 103.8891872)",4
296,MRT Station,https://www.toilet.org.sg/gallery/323/4-star-toilet-little-india-mrt-station-dt12,"60 Bukit Timah Road, S(229900)",Little India MRT Station (DT12),Central District,"(1.3068697, 103.849474)",4
297,Club,https://www.toilet.org.sg/gallery/267/5-stars-seletar-country-club,"101 Seletar Club Road, S(798273)",Seletar Country Club,Central District,"(1.4096081, 103.8581298)",5
298,MRT Station,https://www.toilet.org.sg/gallery/260/4-stars-tai-seng-mrt-station-cc11,"33 Upper Paya Lebar Rd, S(534803)",Tai Seng MRT Station CC11,South East District,"(1.3347248, 103.8881417)",4
299,Coffeeshop,,"Blk 820, Tampines Street 81, #01-501, S(520820)",CCMW Tampines Street 81,North East District,"(1.3479324, 103.9361065)",4
300,Shopping Centre,https://www.toilet.org.sg/gallery/413/5-Star-Toilet-PLQ-Mall,"10 Paya Lebar Road, S(409057)",PLQ Mall,South East District,"(1.3173198, 103.892442)",5
301,Bus Interchange,https://www.toilet.org.sg/gallery/405/5-star-toilet-jurong-east-bus-interchange,"17A Jurong Gateway Road, S(608513)",Jurong East Bus Interchange,South West District,"(1.3343737, 103.7405641)",5
302,Market & Food Centre,https://www.toilet.org.sg/gallery/381/3-star-toilet-blk-1-jalan-kukoh-hawker-centre,"1 Jalan Kukoh, S(161001)",Blk 1 Jalan Kukoh Hawker Centre,Central District,"(1.2881765, 103.8398758)",3
303,Bus Interchange,https://www.toilet.org.sg/gallery/295/4-star-toilet-tuas-bus-terminal,"1 Tuas West Drive, S(638410)",Tuas Bus Terminal,South West District,"(1.345011, 103.639114)",4
304,Dormitory,,"42A Sungei Kadut Street 1, S(729347)",Megastone Holding Dormitory,South West District,"(1.4119627, 103.7530965)",4
305,Bus Interchange,https://www.toilet.org.sg/gallery/286/3-star-toilet-bishan-bus-interchange,"514 Bishan Street 13, S(570514)",Bishan Bus Interchange,Central District,"(1.3504486, 103.8494572)",3
306,Shopping Centre,https://www.toilet.org.sg/gallery/172/4-star-toilet-depot-heights-shopping-centre,"108 Depot Road, S(100108)",Depot Height Shopping Centre,South West District,"(1.2813034, 103.8101301)",4
307,MRT Station,https://www.toilet.org.sg/gallery/303/4-star-toilet-kallang-mrt-station,"5 Sims Avenue, S(387405)",Kallang MRT Station (EW10),Central District,"(1.3114202, 103.8713119)",4
308,Coffeeshop,https://www.toilet.org.sg/gallery/50/3-star-toilet-ccmw-queens-street,"Blk 269 Queen Street, #01-236, S(180269)",CCMW Queen Street,Central District,"(1.3005734, 103.8541054)",3
309,Market & Food Centre,https://www.toilet.org.sg/gallery/34/3-star-toilet-beo-crescent-market-and-food-centre,"38A Beo Crescent, S(169982)",Beo Crescent Market & Food Centre,Central District,"(1.2889614, 103.827332)",3
310,MRT Station,https://www.toilet.org.sg/gallery/308/4-star-toilet-clark-quay-mrt-station,"10 Outram Road, S(169037)",Clark Quay MRT Station (NE5),Central District,"(1.2814265, 103.8391803)",4
311,MRT Station,https://www.toilet.org.sg/gallery/299/4-star-toilet-aljunied-mrt-station,"81 Lorong 25 Geylang, S(388310)",Aljunied MRT Station (EW9),South East District,"(1.3165977, 103.8833123)",4
312,Market & Food Centre,https://www.toilet.org.sg/gallery/162/4-star-toilet-ayer-rajah-amenity-centre,"69 Ayer Rajah Crescent, S(139961)",Ayer Rajah Amenity Centre,South West District,"(1.296167, 103.787009)",4
313,MRT Station,https://www.toilet.org.sg/gallery/87/4-star-toilet-farrer-road-mrt-station,"119, Pasir Panjang Road, S(117424)",Farrer Road MRT station,Central District,"(1.275878, 103.7915919)",4
314,MRT Station,https://www.toilet.org.sg/gallery/101/4-star-toilet-tampines-mrt,"20 Tampines Central, S(529538)",Tampines MRT Station,North East District,"(1.3535537, 103.9449445)",4
315,Government Office,https://www.toilet.org.sg/gallery/67/5-star-toilet-national-environment-agency-environment-building,"40, Scotts Road, Level 6/11/12/19/20/21, S(228231)","National Environment Agency, Environment Building",Central District,"(1.3102694, 103.8362083)",5
316,MRT Station,https://www.toilet.org.sg/gallery/124/4-star-toilet-marsiling-mrt-station,"71 Woodlands Avenue 3, S(739044)",Marsiling MRT Station,North West District,"(1.4324413, 103.7740638)",4
317,Bus Interchange,https://www.toilet.org.sg/gallery/391/4-star-toilet-punggol-bus-interchange,"70A, Punggol Place, S(828865)",Punggol Bus Interchange,North East District,"(1.4040984, 103.9022099)",4
318,Pier,https://www.toilet.org.sg/gallery/279/5-Star-Toilet-Marina-South-Pier,"31 Marina Coastal Drive, S(018988)",Marina South Pier,Central District,"(1.2708997, 103.8632543)",5
319,Market & Food Centre,https://www.toilet.org.sg/gallery/339/3-star-toilet-tekka-centre-zhu-jiao-market,"Blk 665 Buffalo Road, S(210665)",Tekka Centre Zhu Jiao Market,Central District,"(1.3063839, 103.8507014)",3
320,MRT Station,https://www.toilet.org.sg/gallery/264/4-stars-tuas-crescent-mrt-station,"90 Pioneer Road, S(639608)",Tuas Crescent MRT Station,South West District,"(1.3211893, 103.6486575)",4
321,Shopping Centre,https://www.toilet.org.sg/gallery/402/4-star-toilet-raffles-city-shopping-centre,"252 North Bridge Road, S(179103)",Raffles City Shopping Centre,Central District,"(1.2939583, 103.8526163)",4
